,image,expression,confidence
0,00000.png,surprise,0.3068103492259979
0,00001.png,happy,0.628167986869812
0,00002.png,happy,0.3013108968734741
0,00003.png,surprise,0.4417837858200073
0,00004.png,contempt,0.2607065439224243
0,00005.png,contempt,0.25635865330696106
0,00006.png,happy,0.6443281173706055
0,00007.png,happy,0.4412862956523895
0,00008.png,happy,0.2958197593688965
0,00009.png,happy,0.5847685933113098
